,City Name,Tempurature,Latitude,Longitude,Wind Spd,Humidity %,Cloud %
0,Ushuaia,43.57,-54.8,-68.3,41.38,93,90
1,Narsaq,10.4,60.92,-46.05,9.55,51,62
2,Dikson,-8.95,73.51,80.55,12.17,100,100
3,Longyearbyen,-7.6,78.22,15.64,2.24,83,20
4,Qaanaaq,-13.72,77.48,-69.36,4.76,46,0
5,Marawi,78.01,8.0,124.29,5.01,90,6
6,Port Alfred,72.0,-33.59,26.89,1.99,95,99
7,Busselton,61.56,-33.65,115.33,13.98,45,0
8,Albany,41.07,42.6,-73.97,10.29,52,75
9,Hermanus,73.99,-34.42,19.23,4.0,84,33
10,Altamira,87.8,-3.2,-52.21,2.24,74,40
11,Hobyo,74.34,5.35,48.53,19.37,73,0
12,Mandeville,84.2,18.04,-77.51,20.8,66,20
13,Huarmey,79.16,-10.07,-78.15,10.69,54,3
14,Bredasdorp,73.99,-34.53,20.04,4.0,84,49
15,Saint-Philippe,76.66,-21.36,55.77,6.93,83,48
16,Touros,84.2,-5.2,-35.46,17.22,66,20
17,Punta Arenas,48.61,-53.15,-70.92,26.4,61,75
18,Kulu,34.05,39.1,33.08,7.85,74,0
19,Souillac,80.01,-20.52,57.52,10.29,88,40
20,Pisco,73.33,-13.7,-76.22,6.93,30,99
21,Mosquera,66.2,4.71,-74.23,13.87,42,40
22,General Roca,77.0,-39.03,-67.58,12.75,15,0
23,The Valley,80.26,18.22,-63.06,14.99,57,40
24,Castro,72.3,-24.79,-50.01,4.59,96,100
25,Tasiilaq,15.8,65.61,-37.64,4.7,47,100
26,Marsabit,78.13,2.33,37.99,17.78,53,0
27,Goderich,37.24,43.75,-81.72,1.99,94,100
28,Suruc,39.2,36.98,38.42,4.07,51,0
29,Normandin,9.46,48.83,-72.53,2.24,78,90
30,Upernavik,-4.83,72.79,-56.15,1.9,96,100
31,Sakskobing,44.85,54.8,11.63,5.01,84,100
32,Hong Kong,65.64,22.29,114.16,18.34,82,40
33,Grindavik,32.86,63.84,-22.43,12.75,69,100
34,Sao Joao da Barra,82.4,-21.64,-41.05,12.75,58,20
35,Porbandar,67.69,21.64,69.61,11.12,50,0
36,Benguela,79.16,-12.58,13.41,1.72,79,56
37,Rawson,57.42,-43.3,-65.1,14.79,49,100
38,Sao Felipe,78.37,-14.82,-41.38,7.27,51,50
39,Darnah,59.63,32.77,22.64,29.75,77,100
40,Jamestown,43.68,42.1,-79.24,6.93,56,1
41,Port Elizabeth,73.4,-33.92,25.57,5.82,94,75
42,Talnakh,-2.2,69.49,88.4,22.37,77,100
43,Valparaiso,75.47,-33.04,-71.63,20.8,27,67
44,Quelimane,75.2,-17.88,36.89,4.7,100,75
45,Los Llanos de Aridane,64.4,28.66,-17.92,9.17,45,34
46,Caiaponia,81.12,-16.96,-51.81,0.87,80,94
47,Sistranda,39.2,63.73,8.83,18.34,64,75
48,Constitucion,64.6,-35.33,-72.42,21.0,51,0
49,Iqaluit,-13.0,63.75,-68.51,3.36,69,90
50,Lebu,60.69,-37.62,-73.65,14.7,48,0
51,Nerja,46.45,36.76,-3.89,1.12,80,29
52,Ponta Delgada,59.0,37.73,-25.67,14.99,77,20
53,Torbay,17.22,47.67,-52.73,6.93,72,90
54,Florianopolis,81.99,-27.61,-48.5,18.34,74,20
55,Bloemfontein,68.0,-29.12,26.21,1.12,60,20
56,Saint George,50.27,37.1,-113.58,2.33,42,1
57,Cape Town,74.5,-33.93,18.42,20.8,69,0
58,Sechura,70.36,-5.56,-80.82,17.05,89,23
59,Cidreira,78.6,-30.18,-50.21,27.96,83,96
60,Vila Franca do Campo,59.0,37.72,-25.43,14.99,77,20
61,Nuuk,14.0,64.18,-51.72,20.8,61,40
62,Dubrovnik,43.61,42.65,18.09,5.82,50,0
63,Nova Venecia,77.16,-18.71,-40.4,5.77,89,39
64,George Town,78.93,5.41,100.34,6.93,74,20
65,Pangnirtung,-22.0,66.15,-65.71,4.47,55,5
66,Kruisfontein,68.95,-34.0,24.73,1.1,98,27
67,Shieli,23.7,44.17,66.75,2.24,88,100
68,Saerevere,44.01,58.79,25.43,1.99,99,100
69,Srebrenica,29.7,44.11,19.3,1.12,84,0
70,Santa Isabel do Rio Negro,85.64,-0.41,-65.02,0.65,72,17
71,East London,76.57,-33.02,27.91,15.19,82,51
72,Arraial do Cabo,82.4,-22.97,-42.03,26.4,65,0
73,Chui,74.35,-33.7,-53.46,12.3,87,100
74,Askarovo,24.8,53.34,58.51,6.71,73,75
75,Santa Helena de Goias,82.67,-17.81,-50.6,4.32,77,100
76,Ostrovnoy,19.78,68.05,39.51,5.14,97,57
77,Manchester,42.06,53.48,-2.24,8.05,75,75
78,Daoukro,77.5,7.06,-3.96,0.69,28,0
79,Vardo,26.65,70.37,31.11,24.16,92,75
80,Coquimbo,75.99,-29.95,-71.34,9.57,53,0
81,Gornopravdinsk,-2.11,60.05,69.9,6.93,95,0
82,Oranjemund,66.04,-28.55,16.43,9.75,93,92
83,Channahon,35.74,41.43,-88.23,5.82,100,90
84,Shache,21.52,38.42,77.24,3.51,78,0
85,Lircay,55.4,-12.99,-74.72,3.36,87,90
86,Japura,73.08,-0.32,102.35,0.49,98,100
87,Bay Saint Louis,77.02,30.31,-89.33,3.09,73,75
88,Bambous Virieux,79.95,-20.34,57.76,10.29,88,40
89,Tessalit,59.0,20.2,1.01,14.05,17,0
90,Mangai,76.05,-4.05,19.53,1.97,85,100
91,Vicuna,75.99,-30.03,-70.71,9.13,53,10
92,Olinda,84.2,-8.01,-34.86,10.29,66,20
93,Montepuez,71.38,-13.13,39.0,2.13,97,100
94,Lagoa,57.34,39.05,-27.98,25.68,66,23
95,Muzhi,12.06,65.37,64.67,7.11,95,100
96,Chabahar,57.72,25.29,60.64,2.59,46,0
97,Mobaye,74.66,4.32,21.18,1.05,33,4
98,Guaruja,84.61,-23.99,-46.26,5.82,66,20
99,Acarau,79.14,-2.89,-40.12,6.6,79,13
100,Hithadhoo,81.66,-0.6,73.08,11.36,76,100
101,Nkayi,74.28,-4.18,13.29,1.92,94,88
102,Quryq,38.3,43.2,51.65,8.99,69,100
103,Mersa Matruh,57.2,31.35,27.25,9.17,82,75
104,Yei,76.8,4.09,30.68,4.12,40,61
105,Mar del Plata,64.83,-38.0,-57.56,16.11,39,40
106,Eyl,74.73,7.98,49.82,27.92,66,27
107,Sur,63.21,22.57,59.53,21.36,52,1
108,Shahgarh,61.14,24.32,79.13,8.14,70,72
109,Salalah,66.2,17.02,54.09,16.11,37,73
110,Codrington,58.26,-38.27,141.97,22.39,77,56
111,Moen,22.57,69.13,18.61,19.46,92,90
112,At-Bashi,-9.0,41.17,75.81,2.82,81,0
113,Springbok,79.07,-29.66,17.89,7.56,38,0
114,Ilulissat,3.2,69.22,-51.1,17.22,41,20
115,Takoradze,79.57,4.88,-1.76,4.43,81,0
116,Nizhnevartovsk,-7.6,60.93,76.55,2.24,83,62
117,Kintampo,82.13,8.06,-1.73,2.24,19,27
118,Shirgaon,72.14,19.7,72.7,13.22,63,0
119,Lekoni,84.4,-1.58,14.26,3.69,51,99
120,Nanortalik,20.08,60.14,-45.24,8.16,42,28
121,Cantagalo,72.39,-21.98,-42.37,4.0,95,85
122,Cairo,63.25,30.06,31.25,20.8,63,75
123,Ratanpur,59.02,22.3,82.17,2.68,61,5
124,Ponta do Sol,60.78,32.67,-17.1,10.29,72,40
125,Berlevag,26.2,70.86,29.09,13.87,68,75
126,Surubim,89.6,-7.83,-35.75,14.99,40,0
127,Bellavista,79.7,-7.06,-76.59,6.93,59,75
128,Ivanjica,29.17,43.58,20.23,4.9,100,0
129,Lodja,75.6,-3.48,23.43,1.92,71,29
130,Tocopilla,75.25,-22.09,-70.2,11.56,9,43
131,Olafsvik,34.48,64.89,-23.71,17.83,88,100
132,Point Pedro,79.03,9.82,80.23,11.01,62,100
133,Sakakah,48.2,29.97,40.21,6.93,29,0
134,Sangueya,75.63,10.7,-14.37,3.89,68,0
135,Rundu,73.4,-17.93,19.77,3.36,83,79
136,Margate,44.15,51.38,1.39,12.75,87,0
137,Puerto Ayora,81.97,-0.74,-90.35,19.46,58,75
138,Ndioum,75.2,16.51,-14.65,2.24,9,100
139,Mana,77.95,5.66,-53.78,4.34,84,99
140,Skjervoy,28.4,70.03,20.97,6.93,74,75
141,Weligama,70.23,5.97,80.42,2.48,87,42
142,Jaguariaiva,82.99,-24.25,-49.71,1.99,78,79
143,Rumford,36.18,44.55,-70.55,4.92,69,90
144,San Cristobal,93.2,7.77,-72.22,19.46,34,40
145,Palagiano,43.03,40.58,17.04,8.05,100,75
146,Baglung,37.53,28.27,83.59,7.58,46,100
147,Apeldoorn,43.12,52.21,5.97,9.17,93,33
148,Vila Velha,81.1,-20.33,-40.29,8.05,65,40
149,Mahebourg,79.99,-20.41,57.7,10.29,88,40
150,Zhezkazgan,2.7,47.8,67.71,7.18,91,0
151,Doha,61.41,25.29,51.53,6.93,63,0
152,Terme,44.6,41.21,36.97,2.24,81,75
153,Husavik,35.6,66.04,-17.34,5.82,91,75
154,Ribeira Grande,57.2,38.52,-28.7,16.11,71,40
155,Sao Filipe,70.9,14.9,-24.5,15.79,67,54
156,Inta,25.25,66.03,60.17,18.86,93,100
157,Sao Gabriel da Cachoeira,81.7,-0.13,-67.09,2.84,92,73
158,Vestmannaeyjar,40.87,63.44,-20.27,9.95,72,100
159,Sept-Iles,15.37,50.2,-66.38,4.7,78,40
160,Bathurst,65.08,-33.42,149.58,2.37,86,100
161,Nalut,48.09,30.33,10.85,8.9,77,14
162,Roald,42.57,62.58,6.13,16.11,67,100
163,Beyneu,31.78,45.32,55.2,2.21,86,98
164,Vestmanna,39.2,62.16,-7.17,19.46,86,91
165,Pangody,-11.13,65.85,74.49,10.11,98,28
166,Matadi,76.15,-5.82,13.45,3.62,95,87
167,La Mana,65.8,-0.93,-79.22,21.92,48,40
168,Nouadhibou,68.0,20.93,-17.03,10.29,48,0
169,Tenenkou,70.41,14.46,-4.92,10.49,12,34
170,Iquique,75.2,-20.22,-70.14,12.75,53,98
171,Praia da Vitoria,53.6,38.73,-27.07,21.72,81,20
172,Fort Myers Beach,80.51,26.45,-81.95,9.17,48,40
173,Gamba,80.49,-2.65,10.0,0.74,82,100
174,Kibala,73.4,9.11,18.35,4.18,49,0
175,Concarneau,46.02,47.88,-3.92,4.7,81,75
176,Razvilnoye,31.1,46.24,41.3,5.91,88,0
177,Muros,54.5,42.78,-9.06,9.17,93,75
178,Ukmerge,40.55,55.25,24.75,9.17,70,100
179,Esil,-0.56,51.96,66.4,7.58,98,14
180,San Fernando,74.62,15.03,120.69,4.7,83,40
181,Aripuana,89.42,-9.17,-60.63,1.01,59,21
182,Taltal,68.04,-25.4,-70.48,6.62,67,88
183,Henties Bay,64.0,-22.12,14.28,3.62,93,82
184,Bilokurakyne,27.61,49.53,38.73,7.45,94,0
185,Ibiruba,83.84,-28.63,-53.09,4.36,76,94
186,Cienfuegos,82.17,22.15,-80.44,11.41,54,40
187,Saldanha,67.75,-33.01,17.94,15.43,88,0
188,Findhorn,43.57,57.66,-3.61,27.51,75,82
189,Bajos de Haina,79.7,18.42,-70.03,6.93,94,75
190,Anori,84.78,-3.77,-61.64,2.71,67,99
191,Itarema,79.14,-2.92,-39.92,6.6,79,13
192,Pivijay,84.2,10.46,-74.62,17.22,66,20
193,Plaster Rock,22.01,46.91,-67.39,4.7,79,90
194,Andenes,32.0,69.31,16.12,8.05,72,75
195,Cap Malheureux,79.83,-19.98,57.61,10.29,88,40
196,Lola,74.07,7.8,-8.53,2.51,31,0
197,Mauriti,89.6,-7.39,-38.77,3.36,43,20
198,Killybegs,42.06,54.63,-8.45,18.34,70,40
199,Sandusky,38.97,41.35,-83.13,3.36,86,90
200,Saint Anthony,19.8,45.02,-93.22,13.87,73,90
201,Najran,51.8,17.49,44.13,2.13,40,0
202,Sisimiut,-2.65,66.94,-53.67,11.68,63,82
203,Kattivakkam,74.82,13.22,80.32,8.41,78,20
204,Kuito,60.91,-12.38,16.93,5.48,93,33
205,Souris,-13.0,49.62,-100.26,20.8,62,20
206,Ubari,50.43,26.59,12.78,7.81,53,0
207,Port-Gentil,80.6,-0.72,8.78,4.7,100,20
208,Kashgar,28.4,39.45,75.98,3.04,74,75
209,Bulawayo,66.63,-20.15,28.58,9.62,77,97
210,Suarez,81.23,2.95,-76.7,4.99,55,82
211,Baie-Comeau,15.57,49.22,-68.15,4.7,92,40
212,Yarim,45.45,14.3,44.38,4.18,28,0
213,Zarate,80.83,-34.1,-59.03,13.87,54,75
214,Tiznit,51.87,29.58,-9.5,2.55,37,100
215,Dergachi,16.2,51.23,48.77,9.93,96,8
216,Punta Cardon,80.6,11.66,-70.22,29.46,75,9
217,Moose Factory,-2.2,51.26,-80.61,5.82,70,90
218,Marquette,27.18,46.53,-87.63,6.93,79,90
219,Bondo,73.11,3.81,23.69,1.32,35,0
220,Muisne,80.6,0.6,-80.03,10.29,88,90
221,Holland,34.32,42.79,-86.11,3.36,93,90
222,Vawkavysk,38.01,53.16,24.45,13.22,68,100
223,Ambikapur,58.69,23.12,83.2,3.44,56,0
224,Bathsheba,82.4,13.22,-59.52,23.04,61,40
225,Ilhabela,79.43,-23.78,-45.36,18.28,79,21
226,Pforzheim,49.46,48.88,8.7,6.93,65,65
227,Garoowe,69.87,8.41,48.48,10.02,39,26
228,Abay,17.6,49.63,72.85,13.42,92,90
229,Novo Aripuana,88.32,-5.12,-60.38,1.16,64,44
230,Kismayo,81.36,-0.36,42.55,19.26,79,32
231,Kalininskaya,33.21,45.48,38.66,6.71,77,3
232,Sahbuz,19.4,39.41,45.57,11.41,79,0
233,Kawambwa,66.96,-9.79,29.08,0.38,90,100
234,Shelburne,35.6,44.08,-80.2,8.05,64,90
235,Faya,50.86,18.39,42.45,3.36,21,0
236,Saint-Augustin,18.57,51.23,-58.65,15.95,72,100
237,Laas,29.07,46.62,10.7,6.93,79,5
238,Wanlaweyn,74.97,2.62,44.89,17.9,59,66
239,Caravelas,79.95,-17.71,-39.25,10.07,79,0
240,Trelew,65.57,-43.25,-65.31,25.28,12,100
241,Mezen,32.34,65.85,44.24,11.88,97,100
242,Beira,80.6,-19.84,34.84,4.7,88,40
243,Cervo,48.94,43.67,-7.41,4.47,90,100
244,Bridgetown,82.4,13.1,-59.62,23.04,61,40
245,Camana,70.81,-16.62,-72.71,10.96,65,16
246,Alekseyevskaya,28.0,50.29,42.18,1.99,83,99
247,Calahorra,37.81,42.31,-1.97,3.36,100,33
248,Camacha,65.19,33.08,-16.33,13.87,77,20
249,Turbat,51.04,26.0,63.04,26.98,30,0
250,Krasnoznamensk,35.47,55.6,37.04,17.9,86,75
251,Mossamedes,75.15,-15.2,12.15,16.04,89,100
252,Pokhara,51.42,28.23,83.98,1.88,81,5
253,Moyale,75.42,3.52,39.06,9.28,44,0
254,Timmins,19.4,48.47,-81.33,6.93,79,90
255,Kelamangalam,60.8,12.6,77.85,3.36,100,20
256,Natal,84.2,-5.79,-35.21,16.11,70,40
257,Manaus,86.0,-3.1,-60.02,3.36,70,75
258,Turhal,39.2,40.39,36.08,2.24,89,40
259,Rocha,75.9,-34.48,-54.33,17.87,74,100
260,Farafenni,79.57,13.57,-15.6,9.4,8,100
261,Birmitrapur,59.47,22.4,84.77,3.13,54,0
262,Ust-Tsilma,32.86,65.44,52.15,10.47,88,90
263,Plettenberg Bay,71.89,-34.05,23.37,7.23,97,93
264,Semnan,35.46,35.57,53.4,2.82,67,33
265,Grand Gaube,79.83,-20.01,57.66,10.29,88,40
266,Mitu,83.08,1.2,-70.17,2.08,76,43
267,Cabanas,80.35,22.98,-82.92,14.99,57,40
268,Vysha,30.79,53.85,42.38,15.3,87,100
269,Casa Nova,95.0,-9.42,-41.13,5.82,24,20
270,Agirish,19.76,61.92,63.02,10.56,86,93
271,Ziarat,18.3,30.38,67.73,3.98,57,0
272,Kedrovyy,24.8,56.17,91.82,6.71,68,100
273,Marzuq,45.48,14.4,46.47,3.22,28,73
274,Saint-Francois,49.78,46.42,3.91,6.93,57,94
275,Conceicao do Araguaia,81.25,-8.26,-49.26,4.21,84,95
276,Rawah,47.23,34.48,41.91,3.51,49,22
277,Nicoya,91.4,10.15,-85.45,24.16,43,20
278,Joshimath,24.71,30.57,79.57,10.11,45,2
279,Cahul,33.01,45.91,28.19,7.58,91,0
280,Harar,55.2,9.31,42.13,2.17,90,71
281,Bonavista,15.01,48.65,-53.11,1.99,73,100
282,Santa Rosa,75.4,14.31,121.11,4.79,83,40
283,Kiryat Gat,55.31,31.61,34.76,3.36,67,0
284,Trairi,77.81,-3.28,-39.27,4.65,78,41
285,Harper,78.33,4.38,-7.72,3.42,84,0
286,Locri,52.3,38.24,16.26,8.75,81,5
287,Viedma,66.96,-40.81,-63.0,26.15,12,0
288,Salinopolis,82.33,-0.61,-47.36,15.26,79,93
289,Biltine,69.21,14.53,20.92,7.78,14,0
290,Luanda,82.4,-8.84,13.23,10.29,78,20
291,Mercedes,80.67,-34.65,-59.43,5.99,43,0
292,Kotelnikowo,29.28,47.63,43.15,4.85,93,30
293,Santiago del Estero,98.96,-27.8,-64.26,7.16,36,98
294,Kirando,77.47,-7.42,30.6,4.25,72,99
295,Pudozh,42.15,61.81,36.53,14.99,86,100
296,Hoeganaes,41.85,56.2,12.56,8.05,93,90
297,Tera,72.5,14.01,0.75,10.09,19,0
298,Honningsvag,26.6,70.98,25.97,11.41,63,75
299,Laguna,50.04,38.42,-121.42,5.82,61,1
300,Peniche,60.46,39.36,-9.38,16.11,93,75
301,Urengoy,-14.82,65.97,78.37,6.91,99,80
302,Avanuorri,25.41,71.0,24.66,17.22,85,75
303,Kargasok,11.21,59.06,80.86,5.44,95,96
304,Beloha,75.79,-25.17,45.05,5.03,88,100
305,Grindu,28.31,44.77,26.92,2.24,100,90
306,Quatre Cocos,79.9,-20.21,57.76,10.29,88,40
307,Araripe,74.34,-7.21,-40.05,3.11,87,97
308,Saint-Louis,75.2,16.33,-15.0,2.24,9,100
309,Santa Vitoria do Palmar,74.35,-33.52,-53.37,12.3,87,100
310,San Jose,51.57,37.34,-121.89,1.54,62,75
311,Cockburn Town,80.6,21.46,-71.14,16.11,78,40
312,Pyaozerskiy,31.41,65.83,31.17,8.08,91,100
313,Gobabis,77.31,-22.45,18.97,15.79,39,0
314,Cavadinesti,33.01,46.07,28.02,7.58,91,0
315,Silva Jardim,78.8,-22.65,-42.39,17.22,69,49
316,Sonqor,37.4,34.78,47.6,1.39,69,100
317,Presidente Olegario,82.0,-18.42,-46.42,4.23,66,61
318,Nantucket,45.79,41.28,-70.1,3.36,49,1
319,Saint-Pierre,76.46,-21.34,55.48,6.93,83,45
320,Neuquen,77.0,-38.95,-68.06,9.17,14,0
321,Neyveli,68.45,11.54,79.48,5.59,83,100
322,Akdepe,32.92,42.06,59.38,11.41,64,90
323,Major Isidoro,82.96,-9.53,-36.98,18.32,49,0
324,Saurimo,67.68,-9.66,20.39,3.58,94,100
325,Miraflores,73.92,19.22,-98.81,9.17,27,40
326,Kabinda,71.83,-6.13,24.48,3.67,89,69
327,Tabalosos,62.6,-6.35,-76.68,9.17,100,40
328,Coyhaique,55.92,-45.58,-72.07,8.05,50,75
329,Menzel Kamel,50.65,35.62,10.67,3.36,93,0
330,Correntina,77.79,-13.34,-44.64,2.75,68,0
331,Rafai,74.77,4.95,23.92,0.81,32,0
332,Lethem,93.45,3.38,-59.8,13.62,38,28
333,Isil'kul',-2.54,54.91,71.27,8.46,89,19
334,Isiro,72.99,2.77,27.62,1.9,41,0
335,Bariadi,66.45,-2.8,33.98,2.8,79,35
336,Jalu,54.9,29.03,21.55,13.47,80,8
337,Abha,50.86,18.22,42.51,3.36,25,0
338,Borovoy,23.0,55.43,86.08,11.18,85,90
339,Mecca,67.23,21.43,39.83,2.64,54,20
340,Puerto Escondido,86.0,15.85,-97.07,6.93,84,20
341,Maceio,82.4,-9.67,-35.74,14.99,65,20
342,Arica,73.4,-18.48,-70.3,8.05,60,40
343,Ndjole,74.35,-0.18,10.76,2.91,95,100
344,Tambura,73.83,5.6,27.47,1.86,26,0
345,Kortkeros,30.2,61.81,51.58,8.95,100,75
346,Yvetot,41.07,49.62,0.76,6.93,100,0
347,Mutoko,67.19,-17.4,32.23,8.81,94,100
348,Yeovil,44.74,50.94,-2.63,13.87,75,20
349,Ligatne,44.51,57.23,25.04,5.99,86,100
350,Aksarka,3.52,66.56,67.8,14.36,95,100
351,Clyde River,-14.8,70.47,-68.59,13.87,68,20
352,Paro,24.12,27.43,89.41,4.45,68,21
353,Puerto Baquerizo Moreno,80.6,-0.9,-89.6,14.99,83,75
354,Aksu,23.7,41.12,80.26,3.06,84,71
355,Paita,62.6,-5.09,-81.11,16.11,100,0
356,Mbandaka,79.0,0.05,18.26,2.06,58,96
357,Klaksvik,39.2,62.23,-6.59,17.22,86,61
358,Tevriz,-5.55,57.51,72.4,4.61,94,8
359,Carutapera,82.27,-1.2,-46.02,17.27,80,52
360,Tsiroanomandidy,70.88,-18.77,46.03,3.62,90,100
361,Eten,66.2,-6.91,-79.86,20.8,29,0
362,Mogapi,74.14,-22.32,27.83,12.03,44,100
363,Hofn,41.09,64.25,-15.21,14.52,62,0
364,Lisakovsk,11.21,52.54,62.49,9.73,89,0
365,Ambilobe,75.99,-13.2,49.05,2.35,93,81
366,Qaqortoq,10.4,60.72,-46.03,11.97,51,68
367,Manaure,91.4,11.78,-72.44,11.41,49,20
368,Sinnamary,79.88,5.38,-52.95,14.29,79,32
369,Gigant,31.96,46.51,41.34,5.1,93,26
370,Kovdor,16.79,67.57,30.48,4.03,96,96
371,Trinidad,89.6,-14.83,-64.9,9.17,62,20
372,Meschede,49.39,51.35,8.28,16.11,81,90
373,Gloversville,41.04,43.05,-74.34,6.93,69,90
374,Buenos Aires,81.0,-34.61,-58.38,6.93,54,75
375,Port Saint Lucie,78.78,27.29,-80.35,11.41,57,20
376,Deer Lake,14.0,49.17,-57.43,2.04,85,90
377,Marrakesh,50.0,31.63,-8.01,5.82,43,0
378,Gostinu,29.52,44.0,26.12,3.36,100,90
379,Kavaratti,81.81,10.57,72.64,8.1,61,35
380,Taoudenni,64.18,22.68,-3.98,13.02,18,95
381,Tapes,92.34,-30.67,-51.4,7.45,48,89
382,Tambopata,33.8,-12.73,-69.18,5.82,100,75
383,Atasu,7.05,48.68,71.64,9.26,96,100
384,La Palma,62.29,33.85,-118.05,3.36,52,1
385,Iquitos,84.2,-3.75,-73.25,3.36,74,75
386,Nibbar,39.2,36.29,8.77,3.36,93,20
387,Ruwi,59.0,23.6,58.55,6.93,87,40
388,Aden,73.63,12.78,45.04,6.98,59,73
389,Amiens,40.42,49.9,2.3,6.93,100,0
390,Luderitz,66.2,-26.65,15.16,10.29,88,0
391,Bahia Blanca,71.92,-38.72,-62.27,18.61,11,0
392,Cheremnoye,23.0,53.17,83.21,17.9,79,75
393,Kudahuvadhoo,81.05,2.67,72.89,13.94,74,90
394,Sambava,72.45,-14.27,50.17,3.04,96,100
395,Carnarvon,78.8,-24.87,113.63,5.82,83,0
396,Santona,51.19,43.44,-3.46,6.93,93,34
397,Rondonopolis,89.73,-16.47,-54.64,2.15,57,98
398,Shar,24.24,49.59,81.05,16.75,81,100
399,Chimbote,77.92,-9.09,-78.58,11.72,59,0
400,Santa Maria,75.2,-29.68,-53.81,3.36,100,90
401,Ambanja,76.82,-13.68,48.45,4.07,88,100
402,Llallagua,61.03,-18.42,-66.63,14.85,45,13
403,Matara,70.23,5.95,80.54,2.48,87,42
404,Kalmunai,79.34,7.42,81.82,13.42,77,100
405,Rantoul,43.23,40.31,-88.16,10.29,100,90
406,Millinocket,30.74,45.66,-68.71,10.29,85,90
407,Gratia,29.44,44.43,25.45,3.36,100,90
408,Sumy,32.9,50.92,34.8,10.65,92,0
409,Muyezerskiy,34.93,63.93,31.65,18.48,94,100
410,Sebinkarahisar,17.98,40.29,38.42,4.0,98,97
411,Senanga,68.58,-16.12,23.27,7.4,92,100
412,Mansa,45.01,29.98,75.38,3.06,64,0
413,Manama,59.29,26.22,50.58,8.05,67,0
414,Mapiripan,91.17,2.89,-72.13,4.38,42,68
415,Gelemso,61.61,8.82,40.52,5.44,68,17
416,Abu Dhabi,59.94,24.47,54.37,5.82,59,0
417,Kama,28.0,56.31,54.09,15.03,92,100
418,Reconquista,95.67,-29.15,-59.65,1.23,45,99
419,Potosi,60.93,-19.58,-65.75,15.03,60,1
420,Rio Grande,72.79,-32.03,-52.1,5.82,94,90
421,Havelock,63.91,34.88,-76.9,8.05,63,90
422,Jaipur,59.0,26.92,75.82,6.93,67,75
423,Ancud,59.0,-41.87,-73.82,13.87,51,75
424,Santa Cruz de la Sierra,85.06,-17.8,-63.17,17.22,70,75
425,Porto Nacional,82.4,-10.71,-48.42,2.24,83,40
426,Veraval,53.91,20.9,70.37,9.57,47,0
427,Sandwick,45.57,60.0,-1.25,38.03,81,69
428,Sirte,57.47,31.21,16.59,15.68,82,51
429,Kafanchan,70.25,9.58,8.3,7.14,23,0
430,Zapolyarnyy,28.4,69.42,30.81,32.21,100,75
431,Iskateley,32.31,67.68,53.15,18.99,97,100
432,Dingle,74.77,11.0,122.67,10.78,94,50
433,Hambantota,76.5,6.12,81.12,10.36,71,33
434,Ramshir,53.6,30.89,49.41,3.6,76,56
435,Oranjestad,84.2,12.52,-70.03,20.8,74,40
436,Arrondissement de Saint-Denis,44.19,48.92,2.33,4.7,93,8
437,Minna,86.0,9.61,6.56,27.51,22,0
438,Cape Canaveral,79.12,28.41,-80.6,11.41,69,1
439,Kibre Mengist,56.95,5.88,38.98,1.86,56,0
440,Sohbatpur,51.84,28.52,68.54,4.61,42,54
441,Karakol,11.05,42.49,78.39,4.47,46,29
442,San Andres,84.2,12.58,-81.7,17.22,70,20
443,Nobres,86.74,-14.72,-56.33,3.22,64,50
444,Urgut,24.8,39.4,67.24,6.93,92,90
445,Sawakin,77.74,19.11,37.33,9.86,71,67
446,Yahotyn,35.6,50.28,31.76,11.18,93,90
447,Kathmandu,44.6,27.72,85.32,3.36,93,20
448,Koundara,79.5,12.48,-13.3,7.7,12,0
449,Maua,83.08,-23.67,-46.46,8.05,69,84
450,Hukuntsi,79.21,-24.0,21.75,8.1,35,0
451,Luba,82.4,3.46,8.55,9.17,78,20
452,Wadsworth,47.23,41.03,-81.73,8.05,87,90
453,Damavand,37.24,35.72,52.06,3.6,55,59
454,Mutare,66.22,-18.97,32.67,3.4,93,100
455,Tazovsky,-13.31,67.47,78.7,8.34,98,85
456,Itapirapua,80.08,-15.82,-50.61,4.16,88,95
457,Rovnoye,21.74,50.78,46.05,11.61,90,16
458,Sao Felix do Xingu,78.33,-6.64,-51.99,2.71,92,100
459,Tallahassee,75.81,30.44,-84.28,5.82,73,40
460,Alta,26.83,69.97,23.27,16.11,79,90
461,Zhuravka,32.92,50.48,32.59,12.46,91,0
462,Fuerte Olimpo,100.06,-21.04,-57.87,8.14,34,53
463,Tupelo,69.46,34.26,-88.7,8.05,78,90
464,Amapa,75.36,1.0,-52.0,4.61,97,100
465,Khorixas,78.06,-20.37,14.97,8.05,46,46
466,Bengkulu,73.08,-3.8,102.27,3.11,94,73
467,Saint-Joseph,76.33,-21.37,55.62,6.93,83,45
468,Kambove,62.89,-10.88,26.6,3.47,95,100
469,Jaisalmer,53.69,26.91,70.92,8.48,56,81
470,Portree,45.1,57.41,-6.19,25.01,69,34
471,Bumba,77.05,2.18,22.47,0.98,44,3
472,Caala,60.44,-12.85,15.56,2.44,95,82
473,Muli,80.4,2.92,73.57,14.43,78,100
474,Manta,87.8,-0.95,-80.73,9.17,66,40
475,Geraldton,73.4,-28.77,114.6,8.05,88,90
476,Obo,74.95,5.4,26.49,4.23,25,0
477,North Myrtle Beach,68.18,33.82,-78.68,8.05,82,1
478,Moroni,78.8,-11.7,43.26,5.82,88,20
479,Sabratah,59.27,32.79,12.49,10.38,69,14
480,Havre-Saint-Pierre,3.2,50.23,-63.6,9.35,84,1
481,Buraidah,46.4,26.33,43.98,5.93,49,6
482,Gamboula,74.14,4.12,15.14,0.96,29,93
483,Adrar,62.29,20.5,-10.07,13.96,17,100
484,Boddam,43.02,57.47,-1.78,12.75,75,20
485,Urdoma,34.09,61.75,48.54,9.91,98,100
486,Puerto Leguizamo,91.27,-0.19,-74.78,3.2,46,75
487,Cayenne,82.4,4.93,-52.33,11.41,74,90
488,Inhambane,80.19,-23.86,35.38,7.63,81,100
489,Bajil,69.8,15.06,43.29,2.57,82,82
490,Kontagora,79.93,10.4,5.47,9.69,19,0
491,Black River,82.24,18.03,-77.85,18.34,69,20
492,Sotnikovskoye,31.15,45.0,43.78,4.41,94,76
493,Varhaug,44.87,58.61,5.65,21.92,75,75
494,Verin,48.99,41.94,-7.44,5.93,99,83
495,Misratah,60.51,32.38,15.09,13.35,73,2
496,Ipixuna,78.8,-1.76,-48.8,4.7,88,75
497,Kamenka,26.74,51.32,42.77,12.77,93,100
498,Khunti,57.2,23.08,85.28,2.44,87,0
499,Zabid,74.55,14.2,43.32,2.68,68,6
500,Bad Sachsa,51.06,51.59,10.56,8.97,74,84
501,Carballo,52.77,43.21,-8.69,3.36,87,75
502,Petra,53.4,30.32,35.48,6.87,43,14
503,Port Blair,79.56,11.67,92.75,13.24,81,12
504,Goundi,76.69,9.36,17.37,4.5,17,0
505,Goma,55.71,-1.68,29.22,1.12,92,0
506,Noyabrsk,-9.11,63.2,75.45,12.44,94,18
507,Orange Walk District,82.0,17.83,-88.83,9.17,83,40
508,Pauini,85.69,-7.71,-66.98,3.6,68,64
509,Cullinan,69.26,-25.67,28.52,4.7,53,0
510,Kutum,61.16,14.2,24.67,1.25,24,0
511,Atar,65.28,20.52,-13.05,8.3,14,100
512,Filingue,74.37,14.35,3.32,7.92,19,0
513,Meiganga,70.43,6.52,14.3,6.71,18,0
514,Bichena,54.3,10.45,38.2,3.62,28,0
515,Malanje,65.8,-9.54,16.34,3.6,97,97
516,Platanos,44.06,37.67,21.62,8.05,80,54
517,Inverness,43.32,57.48,-4.22,29.97,87,75
518,Paragominas,78.75,-2.97,-47.48,3.04,90,100
519,Wajir,83.98,1.75,40.06,1.7,50,27
520,Nabadwip,63.19,23.42,88.37,5.08,50,0
521,Slidell,77.63,30.28,-89.78,3.36,61,75
522,Jose Bonifacio,93.2,-21.05,-49.69,6.93,34,20
523,Rio Gallegos,55.4,-51.62,-69.22,39.15,32,75
524,Pasni,52.2,25.26,63.47,27.29,40,0
525,Dakar,71.47,14.69,-17.44,6.93,73,100
526,Esim,79.57,4.87,-2.24,4.43,81,0
